<?xml version="1.0"?>
<doc>
    <assembly>
        <name>Blog.Core.Model</name>
    </assembly>
    <members>
        <member name="T:Blog.Core.Model.Love">
            <summary>
            这是爱
            </summary>
        </member>
        <member name="P:Blog.Core.Model.Love.Id">
            <summary>
            id
            </summary>
        </member>
        <member name="P:Blog.Core.Model.Love.Name">
            <summary>
            姓名
            </summary>
        </member>
        <member name="P:Blog.Core.Model.Love.Age">
            <summary>
            年龄
            </summary>
        </member>
        <member name="T:Blog.Core.Model.MessageModel`1">
            <summary>
            通用返回信息类
            </summary>
        </member>
        <member name="P:Blog.Core.Model.MessageModel`1.Success">
            <summary>
            操作是否成功
            </summary>
        </member>
        <member name="P:Blog.Core.Model.MessageModel`1.Msg">
            <summary>
            返回信息
            </summary>
        </member>
        <member name="P:Blog.Core.Model.MessageModel`1.Data">
            <summary>
            返回数据集合
            </summary>
        </member>
        <member name="P:Blog.Core.Model.Models.Advertisement.Id">
            <summary>
            分类ID
            </summary>
        </member>
        <member name="P:Blog.Core.Model.Models.Advertisement.Createdate">
            <summary>
            创建时间
            </summary>
        </member>
        <member name="P:Blog.Core.Model.Models.Advertisement.ImgUrl">
            <summary>
            广告图片
            </summary>
        </member>
        <member name="P:Blog.Core.Model.Models.Advertisement.Title">
            <summary>
            广告标题
            </summary>
        </member>
        <member name="P:Blog.Core.Model.Models.Advertisement.Url">
            <summary>
            广告链接
            </summary>
        </member>
        <member name="P:Blog.Core.Model.Models.Advertisement.Remark">
            <summary>
            备注
            </summary>
        </member>
        <!-- 对于成员“T:Blog.Core.Model.Models.BlogArticle”忽略有格式错误的 XML 注释 -->
        <member name="P:Blog.Core.Model.Models.BlogArticle.bID">
            <summary>
            
            </summary>
        </member>
        <member name="P:Blog.Core.Model.Models.BlogArticle.bsubmitter">
            <summary>
            创建人
            </summary>
        </member>
        <member name="P:Blog.Core.Model.Models.BlogArticle.btitle">
            <summary>
            博客标题
            </summary>
        </member>
        <member name="P:Blog.Core.Model.Models.BlogArticle.bcategory">
            <summary>
            类别
            </summary>
        </member>
        <member name="P:Blog.Core.Model.Models.BlogArticle.bcontent">
            <summary>
            内容
            </summary>
        </member>
        <member name="P:Blog.Core.Model.Models.BlogArticle.btraffic">
            <summary>
            访问量
            </summary>
        </member>
        <member name="P:Blog.Core.Model.Models.BlogArticle.bcommentNum">
            <summary>
            评论数量
            </summary>
        </member>
        <member name="P:Blog.Core.Model.Models.BlogArticle.bUpdateTime">
            <summary> 
            修改时间
            </summary>
        </member>
        <member name="P:Blog.Core.Model.Models.BlogArticle.bCreateTime">
            <summary>
            创建时间
            </summary>
        </member>
        <member name="P:Blog.Core.Model.Models.BlogArticle.bRemark">
            <summary>
            备注
            </summary>
        </member>
        <member name="P:Blog.Core.Model.Models.Guestbook.id">
            <summary>留言表
            
            </summary>
        </member>
        <member name="P:Blog.Core.Model.Models.Guestbook.blogId">
            <summary>博客ID
            
            </summary>
        </member>
        <member name="P:Blog.Core.Model.Models.Guestbook.createdate">
            <summary>创建时间
            
            </summary>
        </member>
        <member name="P:Blog.Core.Model.Models.Guestbook.phone">
            <summary>手机
            
            </summary>
        </member>
        <member name="P:Blog.Core.Model.Models.Guestbook.QQ">
            <summary>qq
            
            </summary>
        </member>
        <member name="P:Blog.Core.Model.Models.Guestbook.body">
            <summary>留言内容
            
            </summary>
        </member>
        <member name="P:Blog.Core.Model.Models.Guestbook.ip">
            <summary>ip地址
            
            </summary>
        </member>
        <member name="P:Blog.Core.Model.Models.Guestbook.isshow">
            <summary>是否显示在前台,0否1是
            
            </summary>
        </member>
        <member name="T:Blog.Core.Model.Models.Module">
            <summary>
            菜单类
            </summary>
        </member>
        <member name="P:Blog.Core.Model.Models.Module.IsDeleted">
             <summary>
            获取或设置是否禁用，逻辑上的删除，非物理删除
             </summary>
        </member>
        <member name="P:Blog.Core.Model.Models.Module.ParentId">
            <summary>
            父ID
            </summary>
        </member>
        <member name="P:Blog.Core.Model.Models.Module.Name">
            <summary>
            名称
            </summary>
        </member>
        <member name="P:Blog.Core.Model.Models.Module.LinkUrl">
            <summary>
            菜单链接地址
            </summary>
        </member>
        <member name="P:Blog.Core.Model.Models.Module.Area">
            <summary>
            区域名称
            </summary>
        </member>
        <member name="P:Blog.Core.Model.Models.Module.Controller">
            <summary>
            控制器名称
            </summary>
        </member>
        <member name="P:Blog.Core.Model.Models.Module.Action">
            <summary>
            Action名称
            </summary>
        </member>
        <member name="P:Blog.Core.Model.Models.Module.Icon">
            <summary>
            图标
            </summary>
        </member>
        <member name="P:Blog.Core.Model.Models.Module.Code">
            <summary>
            菜单编号
            </summary>
        </member>
        <member name="P:Blog.Core.Model.Models.Module.OrderSort">
            <summary>
            排序
            </summary>
        </member>
        <member name="P:Blog.Core.Model.Models.Module.Description">
            <summary>
            /描述
            </summary>
        </member>
        <member name="P:Blog.Core.Model.Models.Module.IsMenu">
            <summary>
            是否是右侧菜单
            </summary>
        </member>
        <member name="P:Blog.Core.Model.Models.Module.Enabled">
            <summary>
            是否激活
            </summary>
        </member>
        <member name="P:Blog.Core.Model.Models.Module.CreateId">
            <summary>
            创建ID
            </summary>
        </member>
        <member name="P:Blog.Core.Model.Models.Module.CreateBy">
            <summary>
            创建者
            </summary>
        </member>
        <member name="P:Blog.Core.Model.Models.Module.CreateTime">
            <summary>
            创建时间
            </summary>
        </member>
        <member name="P:Blog.Core.Model.Models.Module.ModifyId">
            <summary>
            修改ID
            </summary>
        </member>
        <member name="P:Blog.Core.Model.Models.Module.ModifyBy">
            <summary>
            修改者
            </summary>
        </member>
        <member name="P:Blog.Core.Model.Models.Module.ModifyTime">
            <summary>
            修改时间
            </summary>
        </member>
        <member name="T:Blog.Core.Model.Models.ModulePermission">
            <summary>
            菜单与按钮关系表
            </summary>
        </member>
        <member name="P:Blog.Core.Model.Models.ModulePermission.IsDeleted">
             <summary>
            获取或设置是否禁用，逻辑上的删除，非物理删除
             </summary>
        </member>
        <member name="P:Blog.Core.Model.Models.ModulePermission.ModuleId">
            <summary>
            菜单ID
            </summary>
        </member>
        <member name="P:Blog.Core.Model.Models.ModulePermission.PermissionId">
            <summary>
            按钮ID
            </summary>
        </member>
        <member name="P:Blog.Core.Model.Models.ModulePermission.CreateId">
            <summary>
            创建ID
            </summary>
        </member>
        <member name="P:Blog.Core.Model.Models.ModulePermission.CreateBy">
            <summary>
            创建者
            </summary>
        </member>
        <member name="P:Blog.Core.Model.Models.ModulePermission.CreateTime">
            <summary>
            创建时间
            </summary>
        </member>
        <member name="P:Blog.Core.Model.Models.ModulePermission.ModifyId">
            <summary>
            修改ID
            </summary>
        </member>
        <member name="P:Blog.Core.Model.Models.ModulePermission.ModifyBy">
            <summary>
            修改者
            </summary>
        </member>
        <member name="P:Blog.Core.Model.Models.ModulePermission.ModifyTime">
             <summary>
            修改时间
             </summary>
        </member>
        <member name="T:Blog.Core.Model.Models.OperateLog">
            <summary>
            日志记录
            </summary>
        </member>
        <member name="P:Blog.Core.Model.Models.OperateLog.IsDeleted">
             <summary>
            获取或设置是否禁用，逻辑上的删除，非物理删除
             </summary>
        </member>
        <member name="P:Blog.Core.Model.Models.OperateLog.Area">
            <summary>
            区域名
            </summary>
        </member>
        <member name="P:Blog.Core.Model.Models.OperateLog.Controller">
            <summary>
            区域控制器名
            </summary>
        </member>
        <member name="P:Blog.Core.Model.Models.OperateLog.Action">
            <summary>
            Action名称
            </summary>
        </member>
        <member name="P:Blog.Core.Model.Models.OperateLog.IPAddress">
            <summary>
            IP地址
            </summary>
        </member>
        <member name="P:Blog.Core.Model.Models.OperateLog.Description">
            <summary>
            描述
            </summary>
        </member>
        <member name="P:Blog.Core.Model.Models.OperateLog.LogTime">
            <summary>
            登录时间
            </summary>
        </member>
        <member name="P:Blog.Core.Model.Models.OperateLog.LoginName">
            <summary>
            登录名称
            </summary>
        </member>
        <member name="P:Blog.Core.Model.Models.OperateLog.UserId">
            <summary>
            用户ID
            </summary>
        </member>
        <member name="T:Blog.Core.Model.Models.PasswordLib">
            <summary>
            用户跟角色关联表
            </summary>
        </member>
        <member name="P:Blog.Core.Model.Models.PasswordLib.IsDeleted">
             <summary>
            获取或设置是否禁用，逻辑上的删除，非物理删除
             </summary>
        </member>
        <member name="T:Blog.Core.Model.Models.Permission">
            <summary>
            按钮表
            </summary>
        </member>
        <member name="P:Blog.Core.Model.Models.Permission.IsDeleted">
             <summary>
            获取或设置是否禁用，逻辑上的删除，非物理删除
             </summary>
        </member>
        <member name="P:Blog.Core.Model.Models.Permission.Code">
            <summary>
            菜单执行Action名
            </summary>
        </member>
        <member name="P:Blog.Core.Model.Models.Permission.Name">
            <summary>
            菜单名
            </summary>
        </member>
        <member name="P:Blog.Core.Model.Models.Permission.OrderSort">
            <summary>
            排序
            </summary>
        </member>
        <member name="P:Blog.Core.Model.Models.Permission.Icon">
            <summary>
            菜单图标
            </summary>
        </member>
        <member name="P:Blog.Core.Model.Models.Permission.Description">
            <summary>
            菜单描述    
            </summary>
        </member>
        <member name="P:Blog.Core.Model.Models.Permission.Enabled">
            <summary>
            激活状态
            </summary>
        </member>
        <member name="P:Blog.Core.Model.Models.Permission.CreateId">
            <summary>
            创建ID
            </summary>
        </member>
        <member name="P:Blog.Core.Model.Models.Permission.CreateBy">
            <summary>
            创建者
            </summary>
        </member>
        <member name="P:Blog.Core.Model.Models.Permission.CreateTime">
            <summary>
            创建时间
            </summary>
        </member>
        <member name="P:Blog.Core.Model.Models.Permission.ModifyId">
            <summary>
            修改ID
            </summary>
        </member>
        <member name="P:Blog.Core.Model.Models.Permission.ModifyBy">
            <summary>
            修改者
            </summary>
        </member>
        <member name="P:Blog.Core.Model.Models.Permission.ModifyTime">
            <summary>
            修改时间
            </summary>
        </member>
        <member name="T:Blog.Core.Model.Models.Role">
            <summary>
            角色表
            </summary>
        </member>
        <member name="P:Blog.Core.Model.Models.Role.IsDeleted">
             <summary>
            获取或设置是否禁用，逻辑上的删除，非物理删除
             </summary>
        </member>
        <member name="P:Blog.Core.Model.Models.Role.Name">
            <summary>
            角色名
            </summary>
        </member>
        <member name="P:Blog.Core.Model.Models.Role.Description">
             <summary>
            描述
             </summary>
        </member>
        <member name="P:Blog.Core.Model.Models.Role.OrderSort">
             <summary>
            排序
             </summary>
        </member>
        <member name="P:Blog.Core.Model.Models.Role.Enabled">
            <summary>
            是否激活
            </summary>
        </member>
        <member name="P:Blog.Core.Model.Models.Role.CreateId">
            <summary>
            创建ID
            </summary>
        </member>
        <member name="P:Blog.Core.Model.Models.Role.CreateBy">
            <summary>
            创建者
            </summary>
        </member>
        <member name="P:Blog.Core.Model.Models.Role.CreateTime">
            <summary>
            创建时间
            </summary>
        </member>
        <member name="P:Blog.Core.Model.Models.Role.ModifyId">
            <summary>
            修改ID
            </summary>
        </member>
        <member name="P:Blog.Core.Model.Models.Role.ModifyBy">
            <summary>
            修改者
            </summary>
        </member>
        <member name="P:Blog.Core.Model.Models.Role.ModifyTime">
            <summary>
            修改时间
            </summary>
        </member>
        <member name="T:Blog.Core.Model.Models.RoleModulePermission">
            <summary>
            按钮跟权限关联表
            </summary>
        </member>
        <member name="P:Blog.Core.Model.Models.RoleModulePermission.IsDeleted">
             <summary>
            获取或设置是否禁用，逻辑上的删除，非物理删除
             </summary>
        </member>
        <member name="P:Blog.Core.Model.Models.RoleModulePermission.RoleId">
            <summary>
            角色ID
            </summary>
        </member>
        <member name="P:Blog.Core.Model.Models.RoleModulePermission.ModuleId">
            <summary>
            菜单ID
            </summary>
        </member>
        <member name="P:Blog.Core.Model.Models.RoleModulePermission.PermissionId">
            <summary>
            按钮ID
            </summary>
        </member>
        <member name="P:Blog.Core.Model.Models.RoleModulePermission.CreateId">
            <summary>
            创建ID
            </summary>
        </member>
        <member name="P:Blog.Core.Model.Models.RoleModulePermission.CreateBy">
            <summary>
            创建者
            </summary>
        </member>
        <member name="P:Blog.Core.Model.Models.RoleModulePermission.CreateTime">
            <summary>
            创建时间
            </summary>
        </member>
        <member name="P:Blog.Core.Model.Models.RoleModulePermission.ModifyId">
            <summary>
            修改ID
            </summary>
        </member>
        <member name="P:Blog.Core.Model.Models.RoleModulePermission.ModifyBy">
            <summary>
            修改者
            </summary>
        </member>
        <member name="P:Blog.Core.Model.Models.RoleModulePermission.ModifyTime">
            <summary>
            修改时间
            </summary>
        </member>
        <member name="P:Blog.Core.Model.Models.sysUserInfo.uID">
            <summary>
            用户ID
            </summary>
        </member>
        <member name="P:Blog.Core.Model.Models.sysUserInfo.uLoginName">
            <summary>
            登录账号
            </summary>
        </member>
        <member name="P:Blog.Core.Model.Models.sysUserInfo.uLoginPWD">
            <summary>
            登录密码
            </summary>
        </member>
        <member name="P:Blog.Core.Model.Models.sysUserInfo.uRealName">
            <summary>
            真实姓名
            </summary>
        </member>
        <member name="P:Blog.Core.Model.Models.sysUserInfo.uStatus">
            <summary>
            状态
            </summary>
        </member>
        <member name="P:Blog.Core.Model.Models.sysUserInfo.uRemark">
            <summary>
            备注
            </summary>
        </member>
        <member name="P:Blog.Core.Model.Models.sysUserInfo.uCreateTime">
            <summary>
            创建时间
            </summary>
        </member>
        <member name="P:Blog.Core.Model.Models.sysUserInfo.uUpdateTime">
            <summary>
            更新时间
            </summary>
        </member>
        <member name="P:Blog.Core.Model.Models.sysUserInfo.uLastErrTime">
             <summary>
            最后登录时间 
             </summary>
        </member>
        <member name="P:Blog.Core.Model.Models.sysUserInfo.uErrorCount">
             <summary>
            错误次数 
             </summary>
        </member>
        <!-- 对于成员“T:Blog.Core.Model.Models.Topic”忽略有格式错误的 XML 注释 -->
        <!-- 对于成员“T:Blog.Core.Model.Models.TopicDetail”忽略有格式错误的 XML 注释 -->
        <member name="T:Blog.Core.Model.Models.UserRole">
            <summary>
            用户跟角色关联表
            </summary>
        </member>
        <member name="P:Blog.Core.Model.Models.UserRole.IsDeleted">
             <summary>
            获取或设置是否禁用，逻辑上的删除，非物理删除
             </summary>
        </member>
        <member name="P:Blog.Core.Model.Models.UserRole.UserId">
            <summary>
            用户ID
            </summary>
        </member>
        <member name="P:Blog.Core.Model.Models.UserRole.RoleId">
            <summary>
            角色ID
            </summary>
        </member>
        <member name="P:Blog.Core.Model.Models.UserRole.CreateId">
            <summary>
            创建ID
            </summary>
        </member>
        <member name="P:Blog.Core.Model.Models.UserRole.CreateBy">
            <summary>
            创建者
            </summary>
        </member>
        <member name="P:Blog.Core.Model.Models.UserRole.CreateTime">
            <summary>
            创建时间
            </summary>
        </member>
        <member name="P:Blog.Core.Model.Models.UserRole.ModifyId">
            <summary>
            修改ID
            </summary>
        </member>
        <member name="P:Blog.Core.Model.Models.UserRole.ModifyBy">
            <summary>
            修改者
            </summary>
        </member>
        <member name="P:Blog.Core.Model.Models.UserRole.ModifyTime">
            <summary>
            修改时间
            </summary>
        </member>
        <member name="T:Blog.Core.Model.TableModel`1">
            <summary>
            表格数据，支持分页
            </summary>
        </member>
        <member name="P:Blog.Core.Model.TableModel`1.Code">
            <summary>
            返回编码
            </summary>
        </member>
        <member name="P:Blog.Core.Model.TableModel`1.Msg">
            <summary>
            返回信息
            </summary>
        </member>
        <member name="P:Blog.Core.Model.TableModel`1.Count">
            <summary>
            记录总数
            </summary>
        </member>
        <member name="P:Blog.Core.Model.TableModel`1.Data">
            <summary>
            返回数据集
            </summary>
        </member>
        <member name="T:Blog.Core.Model.ViewModels.AdvertisementViewModels">
            <summary>
            广告类
            </summary>
        </member>
        <member name="P:Blog.Core.Model.ViewModels.AdvertisementViewModels.Id">
            <summary>
            分类ID
            </summary>
        </member>
        <member name="P:Blog.Core.Model.ViewModels.AdvertisementViewModels.Createdate">
            <summary>
            创建时间
            </summary>
        </member>
        <member name="P:Blog.Core.Model.ViewModels.AdvertisementViewModels.ImgUrl">
            <summary>
            广告图片
            </summary>
        </member>
        <member name="P:Blog.Core.Model.ViewModels.AdvertisementViewModels.Title">
            <summary>
            广告标题
            </summary>
        </member>
        <member name="P:Blog.Core.Model.ViewModels.AdvertisementViewModels.Url">
            <summary>
            广告链接
            </summary>
        </member>
        <member name="P:Blog.Core.Model.ViewModels.AdvertisementViewModels.Remark">
            <summary>
            备注
            </summary>
        </member>
        <member name="T:Blog.Core.Model.ViewModels.BlogViewModels">
            <summary>
            博客信息展示类
            </summary>
        </member>
        <member name="P:Blog.Core.Model.ViewModels.BlogViewModels.bID">
            <summary>
            
            </summary>
        </member>
        <member name="P:Blog.Core.Model.ViewModels.BlogViewModels.bsubmitter">
            <summary>创建人
            
            </summary>
        </member>
        <member name="P:Blog.Core.Model.ViewModels.BlogViewModels.btitle">
            <summary>博客标题
            
            </summary>
        </member>
        <member name="P:Blog.Core.Model.ViewModels.BlogViewModels.digest">
            <summary>摘要
            
            </summary>
        </member>
        <member name="P:Blog.Core.Model.ViewModels.BlogViewModels.previous">
            <summary>
            上一篇
            </summary>
        </member>
        <member name="P:Blog.Core.Model.ViewModels.BlogViewModels.previousID">
            <summary>
            上一篇id
            </summary>
        </member>
        <member name="P:Blog.Core.Model.ViewModels.BlogViewModels.next">
            <summary>
            下一篇
            </summary>
        </member>
        <member name="P:Blog.Core.Model.ViewModels.BlogViewModels.nextID">
            <summary>
            下一篇id
            </summary>
        </member>
        <member name="P:Blog.Core.Model.ViewModels.BlogViewModels.bcategory">
            <summary>类别
            
            </summary>
        </member>
        <member name="P:Blog.Core.Model.ViewModels.BlogViewModels.bcontent">
            <summary>内容
            
            </summary>
        </member>
        <member name="P:Blog.Core.Model.ViewModels.BlogViewModels.btraffic">
            <summary>
            访问量
            </summary>
        </member>
        <member name="P:Blog.Core.Model.ViewModels.BlogViewModels.bcommentNum">
            <summary>
            评论数量
            </summary>
        </member>
        <member name="P:Blog.Core.Model.ViewModels.BlogViewModels.bUpdateTime">
            <summary> 修改时间
            
            </summary>
        </member>
        <member name="P:Blog.Core.Model.ViewModels.BlogViewModels.bCreateTime">
            <summary>
            创建时间
            </summary>
        </member>
        <member name="P:Blog.Core.Model.ViewModels.BlogViewModels.bRemark">
            <summary>备注
            
            </summary>
        </member>
        <member name="T:Blog.Core.Model.ViewModels.GuestbookViewModels">
            <summary>
            留言信息展示类
            </summary>
        </member>
        <member name="P:Blog.Core.Model.ViewModels.GuestbookViewModels.id">
            <summary>留言表
            
            </summary>
        </member>
        <member name="P:Blog.Core.Model.ViewModels.GuestbookViewModels.blogId">
            <summary>博客ID
            
            </summary>
        </member>
        <member name="P:Blog.Core.Model.ViewModels.GuestbookViewModels.createdate">
            <summary>创建时间
            
            </summary>
        </member>
        <member name="P:Blog.Core.Model.ViewModels.GuestbookViewModels.phone">
            <summary>手机
            
            </summary>
        </member>
        <member name="P:Blog.Core.Model.ViewModels.GuestbookViewModels.QQ">
            <summary>qq
            
            </summary>
        </member>
        <member name="P:Blog.Core.Model.ViewModels.GuestbookViewModels.body">
            <summary>留言内容
            
            </summary>
        </member>
        <member name="P:Blog.Core.Model.ViewModels.GuestbookViewModels.ip">
            <summary>ip地址
            
            </summary>
        </member>
        <member name="P:Blog.Core.Model.ViewModels.GuestbookViewModels.isshow">
            <summary>是否显示在前台,0否1是
            
            </summary>
        </member>
        <member name="T:Blog.Core.Model.ViewModels.SidebarMenuViewModel">
            <summary>
            菜单展示model
            </summary>
        </member>
        <member name="T:Blog.Core.Model.ViewModels.TopgbViewModels">
            <summary>
            留言排名展示类
            </summary>
        </member>
        <member name="P:Blog.Core.Model.ViewModels.TopgbViewModels.blogId">
            <summary>博客ID
            
            </summary>
        </member>
        <member name="P:Blog.Core.Model.ViewModels.TopgbViewModels.counts">
            <summary>
            评论数量
            </summary>
        </member>
        <member name="P:Blog.Core.Model.ViewModels.TopgbViewModels.btitle">
            <summary>博客标题
            
            </summary>
        </member>
        <member name="T:Blog.Core.UtilConvert">
            <summary>
            
            </summary>
        </member>
        <member name="M:Blog.Core.UtilConvert.ObjToInt(System.Object)">
            <summary>
            
            </summary>
            <param name="thisValue"></param>
            <returns></returns>
        </member>
        <member name="M:Blog.Core.UtilConvert.ObjToInt(System.Object,System.Int32)">
            <summary>
            
            </summary>
            <param name="thisValue"></param>
            <param name="errorValue"></param>
            <returns></returns>
        </member>
        <member name="M:Blog.Core.UtilConvert.ObjToMoney(System.Object)">
            <summary>
            
            </summary>
            <param name="thisValue"></param>
            <returns></returns>
        </member>
        <member name="M:Blog.Core.UtilConvert.ObjToMoney(System.Object,System.Double)">
            <summary>
            
            </summary>
            <param name="thisValue"></param>
            <param name="errorValue"></param>
            <returns></returns>
        </member>
        <member name="M:Blog.Core.UtilConvert.ObjToString(System.Object)">
            <summary>
            
            </summary>
            <param name="thisValue"></param>
            <returns></returns>
        </member>
        <member name="M:Blog.Core.UtilConvert.ObjToString(System.Object,System.String)">
            <summary>
            
            </summary>
            <param name="thisValue"></param>
            <param name="errorValue"></param>
            <returns></returns>
        </member>
        <member name="M:Blog.Core.UtilConvert.ObjToDecimal(System.Object)">
            <summary>
            
            </summary>
            <param name="thisValue"></param>
            <returns></returns>
        </member>
        <member name="M:Blog.Core.UtilConvert.ObjToDecimal(System.Object,System.Decimal)">
            <summary>
            
            </summary>
            <param name="thisValue"></param>
            <param name="errorValue"></param>
            <returns></returns>
        </member>
        <member name="M:Blog.Core.UtilConvert.ObjToDate(System.Object)">
            <summary>
            
            </summary>
            <param name="thisValue"></param>
            <returns></returns>
        </member>
        <member name="M:Blog.Core.UtilConvert.ObjToDate(System.Object,System.DateTime)">
            <summary>
            
            </summary>
            <param name="thisValue"></param>
            <param name="errorValue"></param>
            <returns></returns>
        </member>
        <member name="M:Blog.Core.UtilConvert.ObjToBool(System.Object)">
            <summary>
            
            </summary>
            <param name="thisValue"></param>
            <returns></returns>
        </member>
    </members>
</doc>
